{
  "Ansi 7 Color" : {
    "Red Component" : 0.77647058823529413,
    "Color Space" : "sRGB",
    "Blue Component" : 0.81960784313725488,
    "Alpha Component" : 1,
    "Green Component" : 0.78431372549019607
  },
  "Tags" : [

  ],
  "Ansi 12 Color" : {
    "Red Component" : 0.56862745098039214,
    "Color Space" : "sRGB",
    "Blue Component" : 0.81960784313725488,
    "Alpha Component" : 1,
    "Green Component" : 0.67450980392156867
  },
  "Ansi 8 Color" : {
    "Red Component" : 0.41960784313725491,
    "Color Space" : "sRGB",
    "Blue Component" : 0.53725490196078429,
    "Alpha Component" : 1,
    "Green Component" : 0.4392156862745098
  },
  "Draw Powerline Glyphs" : false,
  "Bold Color" : {
    "Green Component" : 1,
    "Red Component" : 1,
    "Blue Component" : 1
  },
  "Ansi 9 Color" : {
    "Red Component" : 0.9137254901960784,
    "Color Space" : "sRGB",
    "Blue Component" : 0.53725490196078429,
    "Alpha Component" : 1,
    "Green Component" : 0.53725490196078429
  },
  "Right Option Key Sends" : 0,
  "Ansi 6 Color" : {
    "Red Component" : 0.53725490196078429,
    "Color Space" : "sRGB",
    "Blue Component" : 0.76078431372549016,
    "Alpha Component" : 1,
    "Green Component" : 0.72156862745098038
  },
  "Rows" : 25,
  "Default Bookmark" : "No",
  "Non-ASCII Anti Aliased" : true,
  "Use Bright Bold" : true,
  "Ansi 10 Color" : {
    "Red Component" : 0.75294117647058822,
    "Color Space" : "sRGB",
    "Blue Component" : 0.55686274509803924,
    "Alpha Component" : 1,
    "Green Component" : 0.792156862745098
  },
  "Icon" : 0,
  "Ambiguous Double Width" : false,
  "Jobs to Ignore" : [
    "rlogin",
    "ssh",
    "slogin",
    "telnet"
  ],
  "Show Status Bar" : true,
  "Ansi 15 Color" : {
    "Red Component" : 0.82352941176470584,
    "Color Space" : "sRGB",
    "Blue Component" : 0.87058823529411766,
    "Alpha Component" : 1,
    "Green Component" : 0.83137254901960789
  },
  "Foreground Color" : {
    "Green Component" : 0.73333334922790527,
    "Red Component" : 0.73333334922790527,
    "Blue Component" : 0.73333334922790527
  },
  "Working Directory" : "\/Users\/jimmyding",
  "Blinking Cursor" : false,
  "Space" : 0,
  "Sync Title" : false,
  "Prompt Before Closing 2" : false,
  "BM Growl" : true,
  "Mouse Reporting" : true,
  "Command" : "",
  "Description" : "Default",
  "Disable Window Resizing" : true,
  "Screen" : -1,
  "Selection Color" : {
    "Green Component" : 0.8353000283241272,
    "Red Component" : 0.70980000495910645,
    "Blue Component" : 1
  },
  "Only The Default BG Color Uses Transparency" : false,
  "Columns" : 80,
  "Idle Code" : 0,
  "Ansi 13 Color" : {
    "Red Component" : 0.67843137254901964,
    "Color Space" : "sRGB",
    "Blue Component" : 0.82745098039215681,
    "Alpha Component" : 1,
    "Green Component" : 0.62745098039215685
  },
  "Custom Command" : "No",
  "ASCII Anti Aliased" : true,
  "Non Ascii Font" : "Hack-Regular 18",
  "Vertical Spacing" : 1,
  "Use Bold Font" : true,
  "Option Key Sends" : 2,
  "Selected Text Color" : {
    "Green Component" : 0,
    "Red Component" : 0,
    "Blue Component" : 0
  },
  "Background Color" : {
    "Green Component" : 0,
    "Red Component" : 0,
    "Blue Component" : 0
  },
  "Character Encoding" : 4,
  "Ansi 11 Color" : {
    "Red Component" : 0.9137254901960784,
    "Color Space" : "sRGB",
    "Blue Component" : 0.53725490196078429,
    "Alpha Component" : 1,
    "Green Component" : 0.69411764705882351
  },
  "Non-ASCII Ligatures" : true,
  "Use Italic Font" : true,
  "Unlimited Scrollback" : false,
  "Keyboard Map" : {
    "0xf700-0x260000" : {
      "Text" : "[1;6A",
      "Action" : 10
    },
    "0x37-0x40000" : {
      "Text" : "0x1f",
      "Action" : 11
    },
    "0x32-0x40000" : {
      "Text" : "0x00",
      "Action" : 11
    },
    "0xf709-0x20000" : {
      "Text" : "[17;2~",
      "Action" : 10
    },
    "0xf70c-0x20000" : {
      "Text" : "[20;2~",
      "Action" : 10
    },
    "0xf729-0x20000" : {
      "Text" : "[1;2H",
      "Action" : 10
    },
    "0xf72b-0x40000" : {
      "Text" : "[1;5F",
      "Action" : 10
    },
    "0xf705-0x20000" : {
      "Text" : "[1;2Q",
      "Action" : 10
    },
    "0xf703-0x260000" : {
      "Text" : "[1;6C",
      "Action" : 10
    },
    "0xf700-0x220000" : {
      "Text" : "[1;2A",
      "Action" : 10
    },
    "0xf701-0x280000" : {
      "Text" : "0x1b 0x1b 0x5b 0x42",
      "Action" : 11
    },
    "0x38-0x40000" : {
      "Text" : "0x7f",
      "Action" : 11
    },
    "0x33-0x40000" : {
      "Text" : "0x1b",
      "Action" : 11
    },
    "0xf703-0x220000" : {
      "Text" : "[1;2C",
      "Action" : 10
    },
    "0xf701-0x240000" : {
      "Text" : "[1;5B",
      "Action" : 10
    },
    "0xf70d-0x20000" : {
      "Text" : "[21;2~",
      "Action" : 10
    },
    "0xf702-0x260000" : {
      "Text" : "[1;6D",
      "Action" : 10
    },
    "0xf729-0x40000" : {
      "Text" : "[1;5H",
      "Action" : 10
    },
    "0xf706-0x20000" : {
      "Text" : "[1;2R",
      "Action" : 10
    },
    "0x34-0x40000" : {
      "Text" : "0x1c",
      "Action" : 11
    },
    "0xf700-0x280000" : {
      "Text" : "0x1b 0x1b 0x5b 0x41",
      "Action" : 11
    },
    "0x2d-0x40000" : {
      "Text" : "0x1f",
      "Action" : 11
    },
    "0xf70e-0x20000" : {
      "Text" : "[23;2~",
      "Action" : 10
    },
    "0xf702-0x220000" : {
      "Text" : "[1;2D",
      "Action" : 10
    },
    "0xf703-0x280000" : {
      "Text" : "0x1b 0x1b 0x5b 0x43",
      "Action" : 11
    },
    "0xf700-0x240000" : {
      "Text" : "[1;5A",
      "Action" : 10
    },
    "0xf707-0x20000" : {
      "Text" : "[1;2S",
      "Action" : 10
    },
    "0xf70a-0x20000" : {
      "Text" : "[18;2~",
      "Action" : 10
    },
    "0x35-0x40000" : {
      "Text" : "0x1d",
      "Action" : 11
    },
    "0xf70f-0x20000" : {
      "Text" : "[24;2~",
      "Action" : 10
    },
    "0xf703-0x240000" : {
      "Text" : "[1;5C",
      "Action" : 10
    },
    "0xf701-0x260000" : {
      "Text" : "[1;6B",
      "Action" : 10
    },
    "0xf702-0x280000" : {
      "Text" : "0x1b 0x1b 0x5b 0x44",
      "Action" : 11
    },
    "0xf72b-0x20000" : {
      "Text" : "[1;2F",
      "Action" : 10
    },
    "0x36-0x40000" : {
      "Text" : "0x1e",
      "Action" : 11
    },
    "0xf708-0x20000" : {
      "Text" : "[15;2~",
      "Action" : 10
    },
    "0xf701-0x220000" : {
      "Text" : "[1;2B",
      "Action" : 10
    },
    "0xf70b-0x20000" : {
      "Text" : "[19;2~",
      "Action" : 10
    },
    "0xf702-0x240000" : {
      "Text" : "[1;5D",
      "Action" : 10
    },
    "0xf704-0x20000" : {
      "Text" : "[1;2P",
      "Action" : 10
    }
  },
  "Window Type" : 12,
  "Blur Radius" : 30,
  "Cursor Type" : 1,
  "Initial Text" : "",
  "Background Image Location" : "",
  "Blur" : true,
  "Scrollback Lines" : 1000,
  "Send Code When Idle" : false,
  "Close Sessions On End" : true,
  "Terminal Type" : "xterm-256color",
  "Visual Bell" : true,
  "Flashing Bell" : false,
  "Status Bar Layout" : {
    "components" : [
      {
        "class" : "iTermStatusBarBatteryComponent",
        "configuration" : {
          "knobs" : {
            "base: priority" : 5,
            "shared text color" : {
              "Red Component" : 0.90000000000000002,
              "Color Space" : "sRGB",
              "Blue Component" : 0.63,
              "Alpha Component" : 1,
              "Green Component" : 0.63
            },
            "base: compression resistance" : 1
          },
          "layout advanced configuration dictionary value" : {
            "font" : ".AppleSystemUIFont 12",
            "algorithm" : 0
          }
        }
      },
      {
        "class" : "iTermStatusBarCPUUtilizationComponent",
        "configuration" : {
          "knobs" : {
            "base: priority" : 5,
            "shared text color" : {
              "Red Component" : 0.90000000000000002,
              "Color Space" : "sRGB",